,name,title,# prefered,% prefered,# prefered not,% prefered not
0,physician0,ÖL,9.0,0.5555555555555556,12.0,0.6666666666666666
1,physician1,ST,9.0,0.5555555555555556,12.0,0.75
2,physician2,AT,3.0,0.3333333333333333,18.0,0.8888888888888888
3,physician3,Chef,0.0,,3.0,1.0
