{"Hc full": -3583.5, "bitstring": "101000101111100111001111111001111001101111011000001111110111100110011101111000111011010110111111110011100111110010110110111110011111011001100111100001111001011111111011110111010101100111110001011111000101110011111110101111100111110011110011011111111000011110001111000101000011111101111000101110111110011111100111110111111011101100001100101010100110111110111011011101111010111111101110001011101111111011100000111010011110", "demands": {"weekday": 12, "holiday": 6}, "lambdas": {"demand": 3, "fair": 10, "pref": 5, "unavail": 15, "extent": 8, "rest": 0, "titles": 5, "memory": 3}, "constraint scores": {"demand": {"correct rate": 1.0, "too many": 0, "too few": 0}, "titles": {"ST error": 28, "UL error": 23, "\u00d6L error": 29}, "preference": {"satisfaction": [5.39085547355457, 8.826880646623941, 8.014029644017233, 15.83746485454083, 1.8776603811738537, 9.86801410151594, 12.73507439266552, 3.1918785663353715, 5.592353853446825, 6.811788172417366, 5.275777663911284, 15.831834566891676, 11.715459761632916, 4.011262670504317, 13.286462232320275], "prefer satisfied": [1.0, 1.0, 1.0, 1.0, NaN, 1.0, 1.0, 1.0, 1.0, 1.0, 1.0, 1.0, 1.0, 1.0, 1.0], "prefer not satisfied": [0.6, 0.6666666666666666, 1.0, 1.0, 0.6666666666666666, 0.0, 1.0, 0.5714285714285714, 1.0, 1.0, 0.5, 0.8, 0.75, NaN, 1.0]}, "extent": {"error": [[-9.999999999999998, 80.0, -9.999999999999998, -5.000000000000004, 26.666666666666682, 26.666666666666682, 20.000000000000018, -5.000000000000004, -5.000000000000004, -20.000000000000007, -5.000000000000004, -9.999999999999998, -5.000000000000004, 89.99999999999999, -9.999999999999998]]}, "unavail": {"unavail": 0.0}}, "pref seed": 10, "solver time": 0.042771339416503906, "total time": 0.09842419624328613}