{"bitstring": "101100101100000111101111100101111001101111011001001111100111101111111101110000101011110110101111110011100110110000110010111111011110011101110111100001111001011111001111110111010101101111111001011001110101110010111110001111101110100011110011111111111000011111001111000101100011111111111001001110110110011111100110110111111011101100011110100011001110111110110011011101111010101111001110101111100111111011111000110010111110", "demands": {"weekday": 12, "holiday": 6}, "lambdas": {"demand": 3, "fair": 10, "pref": 5, "unavail": 15, "extent": 8, "rest": 0, "titles": 5, "memory": 3}, "constraint scores": {"demand": {"correct rate": 1.0, "too many": 0, "too few": 0}, "titles": {"ST error": 30, "UL error": 24, "\u00d6L error": 28}, "preference": {"satisfaction": [7.238183717829379, 8.826880646623941, 8.014029644017233, 15.83746485454083, 1.8776603811738537, 11.58432615825353, 12.73507439266552, 1.344550322060562, 4.050369120622398, 6.811788172417366, 8.665090641010522, 13.984506322616868, 11.715459761632916, 4.011262670504317, 11.570150175582686], "prefer satisfied": [1.0, 1.0, 1.0, 1.0, NaN, 1.0, 1.0, 1.0, 1.0, 1.0, 1.0, 1.0, 1.0, 1.0, 1.0], "prefer not satisfied": [0.8, 0.6666666666666666, 1.0, 1.0, 0.6666666666666666, 1.0, 1.0, 0.42857142857142855, 0.5, 1.0, 0.8333333333333334, 0.6, 0.75, NaN, 0.0]}, "extent": {"error": [[-20.000000000000007, 80.0, -5.000000000000004, -9.999999999999998, 26.666666666666682, 20.000000000000018, 26.666666666666682, -9.999999999999998, -5.000000000000004, -9.999999999999998, -5.000000000000004, -5.000000000000004, -9.999999999999998, 89.99999999999999, -5.000000000000004]]}, "unavail": {"unavail": 0.0}}, "pref seed": 10, "solver time": 0.07759809494018555, "total time": 0.13518333435058594, "Hc full": 2951.5}