{"Hc full": -32.0, "bitstring": "0110001010100010010100010", "demands": {"weekday": 2, "holiday": 1}, "lambdas": {"demand": 3, "fair": 10, "pref": 5, "unavail": 15, "extent": 8, "rest": 0, "titles": 5, "memory": 3}, "constraint scores": {"demand": {"correct rate": 1.0, "too many": 0, "too few": 0}, "titles": {"ST error": 0, "UL error": 1, "\u00d6L error": 0}, "preference": {"satisfaction": [1.476190476190476, 0.0, 1.9090909090909092, 1.476190476190476, 0.0], "prefer satisfied": [1.0, NaN, 1.0, 1.0, NaN], "prefer not satisfied": [NaN, NaN, NaN, NaN, NaN]}, "extent": {"error": [[-43.99999999999999, -43.99999999999999, 12.00000000000001, -43.99999999999999, -72.0]]}, "unavail": {"unavail": 0.0}}, "pref seed": 10}