{"Hc full": 371.5, "bitstring": "00010010111110011111111111101111100110111001000010111111011011011101011111100011101101111000111111101110011111001111111001101001111100000110", "demands": {"weekday": 4, "holiday": 2}, "lambdas": {"demand": 3, "fair": 10, "pref": 5, "unavail": 15, "extent": 8, "rest": 0, "titles": 5, "memory": 3}, "constraint scores": {"demand": {"correct rate": 1.0, "too many": 0, "too few": 0}, "titles": {"ST error": 4, "UL error": 4, "\u00d6L error": 3}, "preference": {"satisfaction": [4.826945412311265, 9.034843205574912, 9.2389569517815, 12.207692833230851, -1.1846689895470384], "prefer satisfied": [1.0, 1.0, 1.0, 1.0, NaN], "prefer not satisfied": [0.8, 0.8333333333333334, 1.0, 0.8333333333333334, 0.5]}, "extent": {"error": [[-5.000000000000004, 80.0, -5.000000000000004, -5.000000000000004, 13.33333333333333]]}, "unavail": {"unavail": 0.0}}, "pref seed": 10, "solver time": 5.138412952423096, "total time": 5.172498941421509}