{"Hc full": 1475.25, "bitstring": "01001001111001111100000101001111000111010011100101110000111010011000101101100111100011111001010110111000011100011110010111100111101101110000011011111110001011000111011011100100111101111101001111101110110011011101111101111010101111011101101011110111100101110110110110011110101111100111011001111101111100111110011011101111100111110011111001101100111110011110101111100011100011100111110101111010011110001111100101100011110101101110111110011111001111100111110011111001101100111110011111001111100111011011111001011100101110110110101011100110111010111100111101101010010111100011100001110000111000011100010110000111010111100001111000111000111110101110100111101111100000111010111010001011111100000111111100011110110100111000001110101111000011100111110001111000111100111110011101000101101110011001001010111001110010101011001101111100100010010", "demands": {"weekday": 85.0, "holiday": 42.0}, "lambdas": {"demand": 3, "fair": 10, "pref": 5, "unavail": 15, "extent": 8, "rest": 0, "titles": 5, "memory": 3}, "constraint scores": {"demand": {"correct rate": 1.0, "too many": 0, "too few": 0}, "titles": {"ST error": 73, "UL error": 61, "\u00d6L error": 53}, "preference": {"satisfaction": [2.3290246768507634, 3.5795612818229774, 2.188014101057579, 2.317273795534665, 0.0, 2.282774771053197, 2.141764195260013, 2.188014101057579, 2.317273795534665, 2.188014101057579, 3.341529177633691, 1.0712589073634204, 2.36427732079906, 2.2232667450058754, 3.341529177633691, 1.0705052878965922, 0.0, 2.509055993926385, 2.141764195260013, 0.0, 1.0712589073634204, 2.188014101057579, 2.258519388954172, 1.2115158636897767, 1.356294536817102, 2.567810400506879, 2.141764195260013, 1.2115158636897767, 2.258519388954172, 2.567810400506879, 2.141764195260013, 0.0, 1.0712589073634204, 0.0, 2.188014101057579, 3.544308637874681, 2.46205246866199, 2.258519388954172, 2.509055993926385, 1.1057579318448882, 2.473803349978089, 2.509055993926385, 0.0, 1.0712589073634204, 3.5450622573415096, 0.0, 0.0, 1.2115158636897767, 2.2232667450058754, 3.5795612818229774, 1.356294536817102, 0.0, 1.0705052878965922, 3.294525652369296, 1.0712589073634204, 2.1770168392083087, 1.0705052878965922, 2.258519388954172, 2.1762632197414806, 3.638315688403471, 3.5795612818229774, 0.0, 0.0, 1.2115158636897767, 0.0, 1.356294536817102, 3.434782608695652, 2.2232667450058754, 1.2115158636897767, 2.1762632197414806, 2.567810400506879, 2.509055993926385, 1.356294536817102, 0.0, 2.427553444180522, 0.0, 3.5450622573415096, 2.427553444180522, 1.1057579318448882, 2.1770168392083087, 1.356294536817102, 1.1057579318448882, 2.27027027027027, 2.141764195260013, 0.0, 2.188014101057579, 2.36427732079906, 2.509055993926385, 3.498058732077115, 0.0, 2.224020364472704, 3.6148139257712737, 3.5333113760254102, 0.0, 2.427553444180522, 2.567810400506879, 2.36427732079906, 3.259273008421, 2.426799824713694, 2.188767720524408, 1.0705052878965922, 0.0, 2.2820211515863686, 0.0, 2.36427732079906, 0.0, 2.27027027027027, 3.294525652369296, 2.3290246768507634, 3.3407755581668623, 2.473803349978089, 2.258519388954172, 2.141764195260013, 3.434782608695652, 2.188767720524408, 2.258519388954172, 0.0, 1.2115158636897767, 1.2115158636897767], "prefer satisfied": [1.0, 1.0, 1.0, 1.0, NaN, 1.0, 1.0, 1.0, 1.0, 1.0, 1.0, 1.0, 1.0, 1.0, 1.0, NaN, NaN, 1.0, 1.0, NaN, NaN, 1.0, 1.0, 1.0, NaN, 1.0, 1.0, 1.0, 1.0, 1.0, 1.0, NaN, 1.0, NaN, 1.0, 1.0, 1.0, 1.0, 1.0, 1.0, 1.0, 1.0, NaN, NaN, 1.0, NaN, NaN, 1.0, 1.0, 1.0, 1.0, NaN, NaN, 1.0, 1.0, 1.0, NaN, 1.0, 1.0, 1.0, 1.0, NaN, NaN, 1.0, NaN, NaN, 1.0, 1.0, 1.0, 1.0, 1.0, 1.0, NaN, NaN, 1.0, NaN, 1.0, 1.0, NaN, 1.0, 1.0, NaN, 1.0, 1.0, NaN, 1.0, 1.0, 1.0, 1.0, NaN, 1.0, 1.0, 1.0, NaN, 1.0, 1.0, 1.0, 1.0, 1.0, 1.0, 1.0, NaN, 1.0, NaN, 1.0, NaN, 1.0, 1.0, 1.0, 1.0, 1.0, 1.0, 1.0, 1.0, 1.0, 1.0, NaN, NaN, NaN], "prefer not satisfied": [1.0, 1.0, 1.0, 1.0, NaN, NaN, NaN, 1.0, NaN, 1.0, 1.0, NaN, NaN, 1.0, 1.0, 1.0, NaN, NaN, NaN, NaN, 1.0, 1.0, 1.0, NaN, 1.0, NaN, NaN, NaN, 1.0, NaN, 1.0, NaN, NaN, NaN, NaN, 1.0, NaN, 1.0, NaN, NaN, NaN, NaN, NaN, 1.0, 1.0, NaN, NaN, NaN, 1.0, 1.0, NaN, NaN, 1.0, 1.0, NaN, NaN, 1.0, NaN, 1.0, 1.0, 1.0, NaN, NaN, NaN, NaN, 1.0, 1.0, NaN, NaN, NaN, 1.0, 1.0, 1.0, NaN, NaN, NaN, 1.0, 1.0, 1.0, NaN, NaN, 1.0, 1.0, 1.0, NaN, NaN, NaN, 1.0, 1.0, NaN, 1.0, 1.0, 1.0, NaN, 1.0, 1.0, 1.0, 1.0, NaN, NaN, NaN, NaN, NaN, NaN, 1.0, NaN, 1.0, 1.0, NaN, 1.0, 1.0, NaN, 1.0, 1.0, 1.0, NaN, NaN, 1.0, 1.0]}, "extent": {"error": [[-60.00000000000001, 0.0, -20.000000000000007, -60.00000000000001, -20.000000000000007, 60.00000000000001, 60.00000000000001, 19.999999999999996, -20.000000000000007, -40.0, -20.000000000000007, -20.000000000000007, 0.0, 6.666666666666687, 19.999999999999996, -20.000000000000007, -20.000000000000007, 0.0, 0.0, -40.0, 0.0, -20.000000000000007, -40.0, 33.33333333333337, -20.000000000000007, 0.0, 0.0, 0.0, 100.0, 0.0, 0.0, 100.0, 100.0, 0.0, 0.0, 0.0, 100.0, -20.000000000000007, 0.0, 0.0, 100.0, 0.0, 100.0, 0.0, 0.0, 0.0, 0.0, 0.0, -20.000000000000007, 33.33333333333337, 33.33333333333337, 0.0, 19.999999999999996, -20.000000000000007, 33.33333333333337, 0.0, -20.000000000000007, 0.0, -20.000000000000007, 100.0, 0.0, 0.0, 0.0, 0.0, 100.0, 0.0, -20.000000000000007, 0.0, 0.0, 100.0, 100.0, 100.0, 60.00000000000001, -20.000000000000007, 33.33333333333337, -20.000000000000007, 0.0, 100.0, 6.666666666666687, -20.000000000000007, 33.33333333333337, 19.999999999999996, -40.0, 19.999999999999996, 19.999999999999996, 19.999999999999996, -40.0, 0.0, -20.000000000000007, -40.0, 33.33333333333337, -20.000000000000007, 0.0, 0.0, -40.0, 60.00000000000001, -20.000000000000007, 33.33333333333337, -20.000000000000007, -20.000000000000007, 0.0, -20.000000000000007, -40.0, 0.0, -40.0, 100.0, -20.000000000000007, -20.000000000000007, 0.0, -20.000000000000007, -40.0, -20.000000000000007, -20.000000000000007, 6.666666666666687, 6.666666666666687, -20.000000000000007, -20.000000000000007, 60.00000000000001, -60.00000000000001]]}, "unavail": {"unavail": 0.0}}, "pref seed": 10, "solver time": 0.009628057479858398, "total time": 0.0205996036529541}