{"Hc full": -182.25, "bitstring": "110011001110010111100001111000110111100110", "demands": {"weekday": 4.0, "holiday": 2.0}, "lambdas": {"demand": 3, "fair": 10, "pref": 5, "unavail": 15, "extent": 8, "rest": 0, "titles": 5, "memory": 3}, "constraint scores": {"demand": {"correct rate": 1.0, "too many": 0, "too few": 0}, "titles": {"ST error": 3, "UL error": 1, "\u00d6L error": 1}, "preference": {"satisfaction": [2.731707317073171, 3.232288037166086, 1.5121951219512195, 2.487804878048781, 0.0, 3.2078977932636468], "prefer satisfied": [1.0, 1.0, 1.0, 1.0, NaN, 1.0], "prefer not satisfied": [1.0, 1.0, 1.0, 1.0, NaN, NaN]}, "extent": {"error": [[-20.000000000000007, -20.000000000000007, -20.000000000000007, -20.000000000000007, -20.000000000000007, 60.00000000000001]]}, "unavail": {"unavail": 0.0}}, "pref seed": 10, "solver time": 0.004958629608154297, "total time": 0.008943796157836914, "universal Hc": -182.25}