{"bitstring": "0100111000100101111000011110011111011101101111010", "demands": {"weekday": 5.0, "holiday": 2.0}, "lambdas": {"demand": 3, "fair": 10, "pref": 5, "unavail": 15, "extent": 8, "rest": 0, "titles": 5, "memory": 3}, "constraint scores": {"demand": {"correct rate": 1.0, "too many": 0, "too few": 0}, "titles": {"ST error": 3, "UL error": 4, "\u00d6L error": 3}, "preference": {"satisfaction": [2.588235294117647, 3.4761904761904763, 1.803921568627451, 2.3921568627450984, 0.0, 3.5406162464986, 2.756302521008404], "prefer satisfied": [1.0, 1.0, 1.0, 1.0, NaN, 1.0, 1.0], "prefer not satisfied": [1.0, 1.0, 1.0, 1.0, NaN, NaN, NaN]}, "extent": {"error": [[-20.000000000000007, -60.00000000000001, -20.000000000000007, -20.000000000000007, 0.0, 100.0, 100.0]]}, "unavail": {"unavail": 0.0}}, "pref seed": 10, "solver time": 0.005051374435424805, "total time": 0.009035348892211914, "universal Hc": -176.25, "Hc full": 62.75}