{"Hc full": -59.5, "bitstring": "01001111111001011010000111100111110111011011110100111100011111001011111101001100011100111100011010", "demands": {"weekday": 10.0, "holiday": 5.0}, "lambdas": {"demand": 3, "fair": 10, "pref": 5, "unavail": 15, "extent": 8, "rest": 0, "titles": 5, "memory": 3}, "constraint scores": {"demand": {"correct rate": 1.0, "too many": 0, "too few": 0}, "titles": {"ST error": 6, "UL error": 5, "\u00d6L error": 1}, "preference": {"satisfaction": [2.495049504950495, 3.394098233352747, 1.900990099009901, 2.396039603960396, 0.0, 3.2793632304406914, 2.6853038245000973, 1.900990099009901, 2.396039603960396, 1.900990099009901, 4.081343428460493, 1.7843137254901962, 2.792079207920792, 1.900990099009901], "prefer satisfied": [1.0, 1.0, 1.0, 1.0, NaN, 1.0, 1.0, 1.0, 1.0, 1.0, 1.0, 1.0, 1.0, 1.0], "prefer not satisfied": [1.0, 1.0, 1.0, 1.0, NaN, NaN, NaN, 1.0, NaN, 1.0, 1.0, NaN, NaN, 1.0]}, "extent": {"error": [[-20.000000000000007, 0.0, -40.0, -20.000000000000007, 0.0, 100.0, 100.0, 60.00000000000001, 0.0, 0.0, -20.000000000000007, -20.000000000000007, -20.000000000000007, -20.000000000000007]]}, "unavail": {"unavail": 0.0}}, "pref seed": 10, "solver time": 0.003001689910888672, "total time": 0.00699162483215332, "universal Hc": -59.5}