{"bitstring": "0101101111100101100011010110011001011101101111010011110001111100101110110111010111100111110001111011101100111100011111001110111111010010111100011011111001000111100111110100110001111111101100111110", "demands": {"weekday": 21.0, "holiday": 10.0}, "lambdas": {"demand": 3, "fair": 10, "pref": 5, "unavail": 15, "extent": 8, "rest": 0, "titles": 5, "memory": 3}, "constraint scores": {"demand": {"correct rate": 1.0, "too many": 0, "too few": 0}, "titles": {"ST error": 15, "UL error": 10, "\u00d6L error": 8}, "preference": {"satisfaction": [2.4739336492890995, 3.340199896766928, 2.04739336492891, 2.2843601895734595, 0.0, 2.9732063253718737, 2.5466660410116844, 2.04739336492891, 2.2843601895734595, 2.04739336492891, 3.8784195955140537, 1.594059405940594, 2.568720379146919, 2.0, 3.878419595514054, 0.95260663507109, 0.0, 2.3875932616958377, 2.5466660410116844, 0.0, 1.594059405940594, 2.04739336492891, 2.09478672985782, 1.3791469194312795, 1.198019801980198, 2.5771667214114773, 2.5466660410116844, 1.3791469194312795], "prefer satisfied": [1.0, 1.0, 1.0, 1.0, NaN, 1.0, 1.0, 1.0, 1.0, 1.0, 1.0, 1.0, 1.0, 1.0, 1.0, NaN, NaN, 1.0, 1.0, NaN, NaN, 1.0, 1.0, 1.0, NaN, 1.0, 1.0, 1.0], "prefer not satisfied": [1.0, 1.0, 1.0, 1.0, NaN, NaN, NaN, 1.0, NaN, 1.0, 1.0, NaN, NaN, 1.0, 1.0, 1.0, NaN, NaN, NaN, NaN, 1.0, 1.0, 1.0, NaN, 1.0, NaN, NaN, NaN]}, "extent": {"error": [[-20.000000000000007, 0.0, -40.0, -20.000000000000007, -40.0, 100.0, 100.0, 60.00000000000001, 0.0, -20.000000000000007, 0.0, 0.0, 0.0, 6.666666666666687, 100.0, -20.000000000000007, 0.0, 0.0, 0.0, 0.0, -40.0, 0.0, -20.000000000000007, 33.33333333333337, -40.0, 0.0, 0.0, 0.0]]}, "unavail": {"unavail": 0.0}}, "pref seed": 10, "solver time": 0.00397944450378418, "total time": 0.008964300155639648, "Hc full": -339.5}