{"Hc full": -134.75, "bitstring": "01001001111001011010010111011111001111011011110100111000011111001011101101110101111001111100011110111011001011000111110011101111101100111110011111001111000011111011011101111100001101100101101011110100111001111101011110110010101101001101101011010", "demands": {"weekday": 26.0, "holiday": 12.0}, "lambdas": {"demand": 3, "fair": 10, "pref": 5, "unavail": 15, "extent": 8, "rest": 0, "titles": 5, "memory": 3}, "constraint scores": {"demand": {"correct rate": 1.0, "too many": 0, "too few": 0}, "titles": {"ST error": 16, "UL error": 14, "\u00d6L error": 13}, "preference": {"satisfaction": [2.4597701149425286, 3.401190589278363, 2.1532567049808424, 2.3065134099616857, 0.0, 2.840695354801938, 2.534181944840252, 2.1532567049808424, 2.3065134099616857, 2.1532567049808424, 3.725752826066305, 1.4958677685950412, 2.4597701149425286, 2.076628352490421, 3.725752826066305, 1.0383141762452106, 0.0, 2.3628764130331525, 2.534181944840252, 0.0, 1.4958677685950412, 2.1532567049808424, 2.076628352490421, 1.3448275862068966, 1.2479338842975207, 2.592761470504417, 2.534181944840252, 1.3448275862068966, 2.076628352490421, 2.592761470504417, 2.534181944840252, 0.0, 1.4958677685950412, 0.0, 2.1532567049808424], "prefer satisfied": [1.0, 1.0, 1.0, 1.0, NaN, 1.0, 1.0, 1.0, 1.0, 1.0, 1.0, 1.0, 1.0, 1.0, 1.0, NaN, NaN, 1.0, 1.0, NaN, NaN, 1.0, 1.0, 1.0, NaN, 1.0, 1.0, 1.0, 1.0, 1.0, 1.0, NaN, 1.0, NaN, 1.0], "prefer not satisfied": [1.0, 1.0, 1.0, 1.0, NaN, NaN, NaN, 1.0, NaN, 1.0, 1.0, NaN, NaN, 1.0, 1.0, 1.0, NaN, NaN, NaN, NaN, 1.0, 1.0, 1.0, NaN, 1.0, NaN, NaN, NaN, 1.0, NaN, 1.0, NaN, NaN, NaN, NaN]}, "extent": {"error": [[-60.00000000000001, 0.0, -40.0, 0.0, 0.0, 100.0, 100.0, 19.999999999999996, 0.0, -20.000000000000007, 0.0, 0.0, 0.0, 6.666666666666687, 100.0, -40.0, 0.0, 0.0, 0.0, 0.0, 0.0, -20.000000000000007, 0.0, 33.33333333333337, 0.0, -40.0, -20.000000000000007, 0.0, 60.00000000000001, 0.0, 0.0, 19.999999999999996, 60.00000000000001, -20.000000000000007, -20.000000000000007]]}, "unavail": {"unavail": 0.0}}, "pref seed": 10, "solver time": 0.003962516784667969, "total time": 0.009947061538696289}