{"Hc full": -124.75, "bitstring": "0100110011100111100011010101011100011101001111010111100011101001100010110101011110101011110101101010100100011000111101001011111111010111101001111100111100001111001111100111110011110111101100110110111011000111110111110011111011101100111110011111001111010110111011011001011110111110001111101111010111110011111001111010111110011111000011101110110000111000011110001110110110001110011101110111001011011000101110010110110011010110111000111111011010011111000111101010100010111001101100101110110011", "demands": {"weekday": 51.0, "holiday": 25.0}, "lambdas": {"demand": 3, "fair": 10, "pref": 5, "unavail": 15, "extent": 8, "rest": 0, "titles": 5, "memory": 3}, "constraint scores": {"demand": {"correct rate": 1.0, "too many": 0, "too few": 0}, "titles": {"ST error": 42, "UL error": 27, "\u00d6L error": 29}, "preference": {"satisfaction": [2.410958904109589, 3.5158232042475888, 2.176125244618396, 2.410958904109589, 0.0, 2.473175789990722, 2.2383421304995283, 2.176125244618396, 2.410958904109589, 2.176125244618396, 3.414467375117924, 1.199203187250996, 2.3522504892367904, 2.2739726027397262, 3.414467375117924, 1.0391389432485325, 0.0, 2.4766842609990567, 2.2383421304995283, 0.0, 1.199203187250996, 2.176125244618396, 2.215264187866928, 1.273972602739726, 1.398406374501992, 2.672378977241718, 2.2383421304995283, 1.273972602739726, 2.215264187866928, 2.672378977241718, 2.2383421304995283, 0.0, 1.199203187250996, 0.0, 2.176125244618396, 3.5745316191203877, 2.5353926758718552, 2.215264187866928, 2.4766842609990567, 1.1369863013698631, 2.5353926758718552, 2.4766842609990567, 0.0, 1.199203187250996, 3.734595863122851, 0.0, 0.0, 1.273972602739726, 2.117416829745597, 3.515823204247589, 1.398406374501992, 0.0, 1.0391389432485325, 3.473175789990722, 1.199203187250996, 2.3361894886208594, 1.0391389432485325, 2.215264187866928, 2.176125244618396, 3.71151792049025, 3.515823204247589, 0.0, 0.0, 1.273972602739726, 0.0, 1.398406374501992, 3.391389432485323, 2.117416829745597, 1.273972602739726, 2.176125244618396], "prefer satisfied": [1.0, 1.0, 1.0, 1.0, NaN, 1.0, 1.0, 1.0, 1.0, 1.0, 1.0, 1.0, 1.0, 1.0, 1.0, NaN, NaN, 1.0, 1.0, NaN, NaN, 1.0, 1.0, 1.0, NaN, 1.0, 1.0, 1.0, 1.0, 1.0, 1.0, NaN, 1.0, NaN, 1.0, 1.0, 1.0, 1.0, 1.0, 1.0, 1.0, 1.0, NaN, NaN, 1.0, NaN, NaN, 1.0, 1.0, 1.0, 1.0, NaN, NaN, 1.0, 1.0, 1.0, NaN, 1.0, 1.0, 1.0, 1.0, NaN, NaN, 1.0, NaN, NaN, 1.0, 1.0, 1.0, 1.0], "prefer not satisfied": [1.0, 1.0, 1.0, 1.0, NaN, NaN, NaN, 1.0, NaN, 1.0, 1.0, NaN, NaN, 1.0, 1.0, 1.0, NaN, NaN, NaN, NaN, 1.0, 1.0, 1.0, NaN, 1.0, NaN, NaN, NaN, 1.0, NaN, 1.0, NaN, NaN, NaN, NaN, 1.0, NaN, 1.0, NaN, NaN, NaN, NaN, NaN, 1.0, 1.0, NaN, NaN, NaN, 1.0, 1.0, NaN, NaN, 1.0, 1.0, NaN, NaN, 1.0, NaN, 1.0, 1.0, 1.0, NaN, NaN, NaN, NaN, 1.0, 1.0, NaN, NaN, NaN]}, "extent": {"error": [[-40.0, -20.000000000000007, -20.000000000000007, -20.000000000000007, -40.0, 60.00000000000001, 100.0, 60.00000000000001, -20.000000000000007, -40.0, -20.000000000000007, 0.0, 0.0, 6.666666666666687, 19.999999999999996, -60.00000000000001, 0.0, 0.0, 0.0, 0.0, 0.0, -20.000000000000007, -20.000000000000007, 33.33333333333337, 0.0, 0.0, 0.0, -20.000000000000007, 100.0, 0.0, 0.0, 100.0, 100.0, 0.0, 0.0, 0.0, 100.0, -20.000000000000007, 0.0, 0.0, 100.0, 0.0, 100.0, 0.0, 0.0, 0.0, 0.0, -40.0, 0.0, -20.000000000000007, 6.666666666666687, -40.0, 60.00000000000001, -20.000000000000007, 33.33333333333337, -20.000000000000007, -20.000000000000007, -20.000000000000007, 6.666666666666687, 60.00000000000001, 0.0, -20.000000000000007, 0.0, 0.0, 60.00000000000001, -40.0, -20.000000000000007, -20.000000000000007, -20.000000000000007, 60.00000000000001]]}, "unavail": {"unavail": 0.0}}, "pref seed": 10, "solver time": 0.008012533187866211, "total time": 0.015996217727661133}