{"Hc full": -203.5, "bitstring": "01001110111101011000100111100111010111011011011100111100011111001011111001010111011001011100011111101010111110000011010", "demands": {"weekday": 12.0, "holiday": 6.0}, "lambdas": {"demand": 3, "fair": 10, "pref": 5, "unavail": 15, "extent": 8, "rest": 0, "titles": 5, "memory": 3}, "constraint scores": {"demand": {"correct rate": 1.0, "too many": 0, "too few": 0}, "titles": {"ST error": 6, "UL error": 5, "\u00d6L error": 6}, "preference": {"satisfaction": [2.495867768595041, 3.1639344262295084, 1.9173553719008265, 2.330578512396694, 0.0, 3.2328952716434087, 2.654382874949194, 1.9173553719008265, 2.330578512396694, 1.9173553719008265, 4.067606015445062, 1.819672131147541, 2.5785123966942147, 2.0, 4.067606015445062, 0.8347107438016529, 0.0], "prefer satisfied": [1.0, 1.0, 1.0, 1.0, NaN, 1.0, 1.0, 1.0, 1.0, 1.0, 1.0, 1.0, 1.0, 1.0, 1.0, NaN, NaN], "prefer not satisfied": [1.0, 1.0, 1.0, 1.0, NaN, NaN, NaN, 1.0, NaN, 1.0, 1.0, NaN, NaN, 1.0, 1.0, 1.0, NaN]}, "extent": {"error": [[-20.000000000000007, 0.0, -40.0, -20.000000000000007, -20.000000000000007, 100.0, 100.0, 60.00000000000001, 0.0, 0.0, -40.0, 0.0, -20.000000000000007, 33.33333333333337, 60.00000000000001, -20.000000000000007, -40.0]]}, "unavail": {"unavail": 0.0}}, "pref seed": 10, "solver time": 0.00399017333984375, "total time": 0.00800776481628418}