{"Hc full": -189.75, "bitstring": "0101110001100101111001011110001011011001101111010011110101101100101011", "demands": {"weekday": 7.0, "holiday": 3.0}, "lambdas": {"demand": 3, "fair": 10, "pref": 5, "unavail": 15, "extent": 8, "rest": 0, "titles": 5, "memory": 3}, "constraint scores": {"demand": {"correct rate": 1.0, "too many": 0, "too few": 0}, "titles": {"ST error": 6, "UL error": 2, "\u00d6L error": 3}, "preference": {"satisfaction": [2.563380281690141, 3.32258064516129, 1.8591549295774648, 2.563380281690141, 0.0, 3.208541572012721, 2.504316219900045, 1.8591549295774648, 2.563380281690141, 1.8591549295774648], "prefer satisfied": [1.0, 1.0, 1.0, 1.0, NaN, 1.0, 1.0, 1.0, 1.0, 1.0], "prefer not satisfied": [1.0, 1.0, 1.0, 1.0, NaN, NaN, NaN, 1.0, NaN, 1.0]}, "extent": {"error": [[-20.000000000000007, -40.0, -20.000000000000007, 0.0, -40.0, 60.00000000000001, 100.0, 100.0, -20.000000000000007, -20.000000000000007]]}, "unavail": {"unavail": 0.0}}, "pref seed": 10, "solver time": 0.004959821701049805, "total time": 0.008948802947998047, "universal Hc": -189.75}