{"bitstring": "1100110011100111110001010101111100011101001110010111110001101101101010110101011110101011110001111011101100111100011110001011111111010011111001111100111100001111001111100111110011110111011100111110011011001101110111110010111110011110100110001111100111010111011011011100010110101111001111100011011101110001100100100110101010011011110111101110110", "demands": {"weekday": 36.0, "holiday": 18.0}, "lambdas": {"demand": 3, "fair": 10, "pref": 5, "unavail": 15, "extent": 8, "rest": 0, "titles": 5, "memory": 3}, "constraint scores": {"demand": {"correct rate": 1.0, "too many": 0, "too few": 0}, "titles": {"ST error": 27, "UL error": 21, "\u00d6L error": 19}, "preference": {"satisfaction": [2.443213296398892, 3.6080408931604966, 2.193905817174515, 2.332409972299169, 0.0, 2.498002785387429, 2.248695306163052, 2.193905817174515, 2.332409972299169, 2.193905817174515, 3.4703019543624984, 1.2209944751381214, 2.3601108033240994, 2.2216066481994456, 3.4703019543624976, 1.0277008310249307, 0.0, 2.5803400621355657, 2.248695306163052, 0.0, 1.2209944751381214, 2.193905817174515, 2.1385041551246537, 1.2770083102493075, 1.497237569060773, 2.774245879310081, 2.248695306163052, 1.2770083102493075, 2.1385041551246537, 2.774245879310081, 2.248695306163052, 0.0, 1.2209944751381214, 0.0, 2.193905817174515, 3.691143386235289, 2.5526392311106347, 2.1385041551246537, 2.5803400621355657, 1.0554016620498614, 2.6634425552103576, 2.5803400621355657, 0.0, 1.2209944751381214, 3.884437030348479, 0.0, 0.0, 1.2770083102493075, 2.110803324099723], "prefer satisfied": [1.0, 1.0, 1.0, 1.0, NaN, 1.0, 1.0, 1.0, 1.0, 1.0, 1.0, 1.0, 1.0, 1.0, 1.0, NaN, NaN, 1.0, 1.0, NaN, NaN, 1.0, 1.0, 1.0, NaN, 1.0, 1.0, 1.0, 1.0, 1.0, 1.0, NaN, 1.0, NaN, 1.0, 1.0, 1.0, 1.0, 1.0, 1.0, 1.0, 1.0, NaN, NaN, 1.0, NaN, NaN, 1.0, 1.0], "prefer not satisfied": [1.0, 1.0, 1.0, 1.0, NaN, NaN, NaN, 1.0, NaN, 1.0, 1.0, NaN, NaN, 1.0, 1.0, 1.0, NaN, NaN, NaN, NaN, 1.0, 1.0, 1.0, NaN, 1.0, NaN, NaN, NaN, 1.0, NaN, 1.0, NaN, NaN, NaN, NaN, 1.0, NaN, 1.0, NaN, NaN, NaN, NaN, NaN, 1.0, 1.0, NaN, NaN, NaN, 1.0]}, "extent": {"error": [[-20.000000000000007, -20.000000000000007, -20.000000000000007, -20.000000000000007, -20.000000000000007, 60.00000000000001, 60.00000000000001, 100.0, -20.000000000000007, -20.000000000000007, -20.000000000000007, 0.0, 0.0, 6.666666666666687, 100.0, -20.000000000000007, -20.000000000000007, 0.0, 0.0, 0.0, 0.0, -20.000000000000007, -20.000000000000007, 33.33333333333337, 0.0, 0.0, 0.0, 0.0, 60.00000000000001, 0.0, 0.0, 100.0, 100.0, -40.0, 0.0, -20.000000000000007, 100.0, 0.0, -40.0, 0.0, 100.0, -40.0, 100.0, -40.0, -40.0, -40.0, 0.0, 0.0, 0.0]]}, "unavail": {"unavail": 0.0}}, "pref seed": 10, "solver time": 0.00396275520324707, "total time": 0.010971784591674805, "Hc full": -62.5}