{"Hc full": -91.0, "bitstring": "110011000111010111010", "demands": {"weekday": 2, "holiday": 1}, "lambdas": {"demand": 3, "fair": 10, "pref": 5, "unavail": 15, "extent": 8, "rest": 0, "titles": 5, "memory": 3}, "constraint scores": {"demand": {"correct rate": 1.0, "too many": 0, "too few": 0}, "titles": {"ST error": 1, "UL error": 0, "\u00d6L error": 1}, "preference": {"satisfaction": [2.4761904761904763, 3.432900432900433, 0.9523809523809524], "prefer satisfied": [1.0, 1.0, 1.0], "prefer not satisfied": [1.0, 1.0, 0.0]}, "extent": {"error": [[-20.000000000000007, -20.000000000000007, -20.000000000000007]]}, "unavail": {"unavail": 0.0}}, "pref seed": 10}