{"bitstring": "110011000110110111100", "demands": {"weekday": 2.0, "holiday": 1.0}, "lambdas": {"demand": 3, "fair": 10, "pref": 5, "unavail": 15, "extent": 8, "rest": 0, "titles": 5, "memory": 3}, "constraint scores": {"demand": {"correct rate": 1.0, "too many": 0, "too few": 0}, "titles": {"ST error": 1, "UL error": 0, "\u00d6L error": 1}, "preference": {"satisfaction": [2.4761904761904763, 3.337662337662338, 1.0476190476190474], "prefer satisfied": [1.0, 1.0, 1.0], "prefer not satisfied": [1.0, 0.0, 1.0]}, "extent": {"error": [[-20.000000000000007, -20.000000000000007, -20.000000000000007]]}, "unavail": {"unavail": 0.0}}, "pref seed": 10, "solver time": 0.04886937141418457, "total time": 0.052828073501586914, "universal Hc": -91.0, "Hc full": -96.0}