{"bitstring": "110110101010011111100101010011110001110100111001011110000111110010101011010101011110011111000111101110110011100001111100011111111011001111100111110011110000111100111110011111001101111110110001111101001110101111000111101011101001111110111001111100111101010111111101100011011011001100100110011001", "demands": {"weekday": 31.0, "holiday": 15.0}, "lambdas": {"demand": 3, "fair": 10, "pref": 5, "unavail": 15, "extent": 8, "rest": 0, "titles": 5, "memory": 3}, "constraint scores": {"demand": {"correct rate": 1.0, "too many": 0, "too few": 0}, "titles": {"ST error": 22, "UL error": 17, "\u00d6L error": 16}, "preference": {"satisfaction": [2.45016077170418, 3.658418687847363, 2.160771704180064, 2.353697749196141, 0.0, 2.6867400609015992, 2.397350993377484, 2.160771704180064, 2.353697749196141, 2.160771704180064, 3.686740060901599, 1.3973509933774837, 2.418006430868167, 2.22508038585209, 3.6867400609015992, 1.0, 0.0, 2.658418687847363, 2.397350993377484, 0.0, 1.3973509933774837, 2.160771704180064, 2.192926045016077, 1.2893890675241158, 1.5298013245033113, 2.8191903920274277, 2.397350993377484, 1.2893890675241158, 2.192926045016077, 2.8191903920274277, 2.397350993377484, 0.0, 1.3973509933774837, 0.0, 2.160771704180064, 3.6905730286833753, 2.5941100061753373, 2.192926045016077, 2.658418687847363, 1.0643086816720255, 2.690573028683376, 2.658418687847363], "prefer satisfied": [1.0, 1.0, 1.0, 1.0, NaN, 1.0, 1.0, 1.0, 1.0, 1.0, 1.0, 1.0, 1.0, 1.0, 1.0, NaN, NaN, 1.0, 1.0, NaN, NaN, 1.0, 1.0, 1.0, NaN, 1.0, 1.0, 1.0, 1.0, 1.0, 1.0, NaN, 1.0, NaN, 1.0, 1.0, 1.0, 1.0, 1.0, 1.0, 1.0, 1.0], "prefer not satisfied": [1.0, 1.0, 1.0, 1.0, NaN, NaN, NaN, 1.0, NaN, 1.0, 1.0, NaN, NaN, 1.0, 1.0, 1.0, NaN, NaN, NaN, NaN, 1.0, 1.0, 1.0, NaN, 1.0, NaN, NaN, NaN, 1.0, NaN, 1.0, NaN, NaN, NaN, NaN, 1.0, NaN, 1.0, NaN, NaN, NaN, NaN]}, "extent": {"error": [[0.0, -40.0, 0.0, -40.0, -20.000000000000007, 60.00000000000001, 60.00000000000001, 60.00000000000001, 0.0, -40.0, -20.000000000000007, 0.0, 0.0, 6.666666666666687, 100.0, -40.0, 0.0, 0.0, 0.0, 0.0, 0.0, -20.000000000000007, -20.000000000000007, 33.33333333333337, 0.0, 0.0, 0.0, 0.0, 60.00000000000001, 0.0, -20.000000000000007, 60.00000000000001, 100.0, 0.0, 0.0, 0.0, 100.0, 0.0, -20.000000000000007, -20.000000000000007, 19.999999999999996, -40.0]]}, "unavail": {"unavail": 0.0}}, "pref seed": 10, "solver time": 0.0039632320404052734, "total time": 0.009947061538696289, "Hc full": -344.75}