{"bitstring": "1100110011100101111100011110", "demands": {"weekday": 3.0, "holiday": 1.0}, "lambdas": {"demand": 3, "fair": 10, "pref": 5, "unavail": 15, "extent": 8, "rest": 0, "titles": 5, "memory": 3}, "constraint scores": {"demand": {"correct rate": 1.0, "too many": 0, "too few": 0}, "titles": {"ST error": 3, "UL error": 0, "\u00d6L error": 3}, "preference": {"satisfaction": [2.6451612903225805, 3.5865102639296187, 0.6451612903225806, 2.32258064516129], "prefer satisfied": [1.0, 1.0, 1.0, 1.0], "prefer not satisfied": [1.0, 1.0, 0.0, 1.0]}, "extent": {"error": [[-20.000000000000007, -20.000000000000007, 0.0, -20.000000000000007]]}, "unavail": {"unavail": 0.0}}, "pref seed": 10, "solver time": 0.004986286163330078, "total time": 0.008975505828857422, "universal Hc": -87.5, "Hc full": -106.5}