{"bitstring": "11001110111001011111010111100111110", "demands": {"weekday": 4.0, "holiday": 2.0}, "lambdas": {"demand": 3, "fair": 10, "pref": 5, "unavail": 15, "extent": 8, "rest": 0, "titles": 5, "memory": 3}, "constraint scores": {"demand": {"correct rate": 1.0, "too many": 0, "too few": 0}, "titles": {"ST error": 2, "UL error": 0, "\u00d6L error": 2}, "preference": {"satisfaction": [2.4878048780487805, 3.232288037166086, 0.4878048780487805, 2.2439024390243905, 0.0], "prefer satisfied": [1.0, 1.0, 1.0, 1.0, NaN], "prefer not satisfied": [1.0, 1.0, 0.0, 1.0, NaN]}, "extent": {"error": [[0.0, -20.000000000000007, 0.0, 0.0, 0.0]]}, "unavail": {"unavail": 0.0}}, "pref seed": 10, "solver time": 0.006052970886230469, "total time": 0.010037899017333984, "universal Hc": -135.5, "Hc full": -133.5}