{"bitstring": "010011001110010111001001011001100101111100111011001111000111110110111011011101111100011111000111101010011000110100011110101111111101001101110011010", "demands": {"weekday": 15.0, "holiday": 7.0}, "lambdas": {"demand": 3, "fair": 10, "pref": 5, "unavail": 15, "extent": 8, "rest": 0, "titles": 5, "memory": 3}, "constraint scores": {"demand": {"correct rate": 1.0, "too many": 0, "too few": 0}, "titles": {"ST error": 13, "UL error": 7, "\u00d6L error": 5}, "preference": {"satisfaction": [2.3973509933774837, 3.4141404719708985, 2.0, 2.264900662251656, 0.0, 3.035351179927245, 2.638000186549762, 2.0, 2.264900662251656, 2.0, 3.969126014364331, 1.704225352112676, 2.5298013245033117, 2.0, 3.969126014364331, 0.933774834437086, 0.0, 2.4803656375338123, 2.638000186549762, 0.0, 1.704225352112676], "prefer satisfied": [1.0, 1.0, 1.0, 1.0, NaN, 1.0, 1.0, 1.0, 1.0, 1.0, 1.0, 1.0, 1.0, 1.0, 1.0, NaN, NaN, 1.0, 1.0, NaN, NaN], "prefer not satisfied": [1.0, 1.0, 1.0, 1.0, NaN, NaN, NaN, 1.0, NaN, 1.0, 1.0, NaN, NaN, 1.0, 1.0, 1.0, NaN, NaN, NaN, NaN, 1.0]}, "extent": {"error": [[-40.0, -20.000000000000007, -20.000000000000007, -40.0, -40.0, 100.0, 100.0, 60.00000000000001, 0.0, 0.0, 0.0, 0.0, 0.0, 6.666666666666687, 60.00000000000001, -40.0, -20.000000000000007, 0.0, 0.0, 0.0, -40.0]]}, "unavail": {"unavail": 0.0}}, "pref seed": 10, "solver time": 0.005571842193603516, "total time": 0.010558843612670898, "Hc full": -280.75}