{"Hc full": 9.0, "bitstring": "01111010111110001111011110110001111011111111111000001110011100011111110111101011110101101101110110110010000010101111100011111011110111110100", "demands": {"weekday": 8, "holiday": 4}, "lambdas": {"demand": 3, "fair": 10, "pref": 5, "unavail": 15, "extent": 8, "rest": 0, "titles": 5, "memory": 3}, "constraint scores": {"demand": {"correct rate": 1.0, "too many": 0, "too few": 0}, "titles": {"ST error": 7, "UL error": 7, "\u00d6L error": 11}, "preference": {"satisfaction": [6.029456046194449, 1.4878048780487805, 4.0, 0.3703703703703704, 0.6296296296296295, 8.503694244009884, 5.2977487291212775, 0.0, 2.3703703703703702, 4.237880156579344], "prefer satisfied": [1.0, 1.0, 1.0, 1.0, NaN, 1.0, 1.0, NaN, 1.0, 1.0], "prefer not satisfied": [1.0, 0.5, 1.0, 0.0, 1.0, 1.0, 1.0, NaN, NaN, 1.0]}, "extent": {"error": [[100.0, 89.99999999999999, 80.0, 113.33333333333333, 89.99999999999999, 100.0, 153.33333333333337, 160.0, 100.0, 100.0]]}, "unavail": {"unavail": 0.0}}, "pref seed": 10, "solver time": 0.06981563568115234, "total time": 0.11661863327026367}