{"Hc full": -484.0, "bitstring": "01111010111110011111001100111001100001111111010001101110011110001111100111101110110101101111110110111011000110101011100011111101110111111100", "demands": {"weekday": 8, "holiday": 4}, "lambdas": {"demand": 3, "fair": 10, "pref": 5, "unavail": 15, "extent": 8, "rest": 0, "titles": 5, "memory": 3}, "constraint scores": {"demand": {"correct rate": 1.0, "too many": 0, "too few": 0}, "titles": {"ST error": 8, "UL error": 7, "\u00d6L error": 6}, "preference": {"satisfaction": [6.029456046194449, 3.4878048780487805, 4.0, 1.6296296296296295, -0.6296296296296295, 8.503694244009884, 5.2977487291212775, 0.0, 2.3703703703703702, 2.237880156579344], "prefer satisfied": [1.0, 1.0, 1.0, 1.0, NaN, 1.0, 1.0, NaN, 1.0, 1.0], "prefer not satisfied": [1.0, 1.0, 1.0, 1.0, 0.0, 1.0, 1.0, NaN, NaN, 0.6666666666666666]}, "extent": {"error": [[0.0, -9.999999999999998, -20.000000000000007, 6.666666666666687, -9.999999999999998, 0.0, 33.33333333333337, 60.00000000000001, 0.0, 0.0]]}, "unavail": {"unavail": 0.0}}, "pref seed": 10, "solver time": 720.9426665306091, "total time": 721.0057322978973}